订单号,运输状态
115808072,已签收
115690422,已签收
115506194,已签收
115503033,已签收
115988558,已签收
115914264,已签收
115907102,已签收
115875287,已签收
115824537,已签收
115591591,运输中
115582715,已签收
115549740,已签收
115301293,已签收
115152736,运输中
115035056,已签收
115622976,已签收
114508761,已签收
114788026,已签收
114925681,已签收
114906514,已签收
114826241,已签收
114918610,已签收
115005827,已签收
114928410,已签收
115030353,已签收
114966777,已签收
114871500,已签收
115207104,已签收
114519150,已签收
114779275,已签收
114799018,已签收
114971462,已签收
115027180,已签收
115337841,已签收
115036529,已签收
115080130,已签收
115003429,已签收
115031055,已签收
115511860,已签收
114961960,已签收
115340239,已签收
115290714,已签收
115331817,已签收
115012802,运输中
115357801,已签收
115331913,已签收
115337711,已签收
115359627,已签收
115370174,已签收
114891305,已签收
114923236,已签收
115149431,已签收
114490955,已签收
114571802,已签收
114595002,已签收
114490334,已签收
114488789,已签收
115152963,运输中
115139922,已签收
115141977,运输中
115147411,运输中
115146943,运输中
115152459,运输中
115144897,运输中
115143046,运输中
115144782,已签收
115144033,已签收
115148860,已签收
115146956,运输中
115139465,运输中
115150569,已签收
114771220,已签收
114493946,已签收
114614064,已签收
114660922,已签收
115195443,已签收
115214594,已签收
115196256,已签收
115195070,已签收
115196656,已签收
115262593,已签收
114892323,已签收
115109952,已签收
114973220,已签收
115060457,已签收
115118288,已签收
115025513,已签收
114679910,已签收
114628121,已签收
114590859,已签收
115123587,已签收
114954359,已签收
115167677,已签收
115036897,已签收
115110941,已签收
115157595,已签收
115102973,已签收
114875912,已签收
115161361,已签收
115149360,已签收
115112211,已签收
115131269,已签收
115117315,已签收
114892016,已签收
115215050,已签收
115160092,已签收
114898967,已签收
115040028,已签收
114878718,已签收
115207058,已签收
115192717,已签收
115004565,已签收
115188210,已签收
115211897,已签收
115200236,已签收
115195907,已签收
115198082,已签收
115212915,已签收
115200597,已签收
115194565,已签收
115202079,已签收
115257780,已签收
115193183,已签收
115204267,已签收
115212984,已签收
115209911,已签收
114892378,已签收
115177497,已签收
115186446,已签收
115197918,已签收
115195608,已签收
115187828,已签收
115191906,已签收
115192311,已签收
115189112,已签收
115190506,已签收
115193690,已签收
115187239,已签收
115190951,已签收
115213562,已签收
115202635,已签收
115085771,已签收
115081501,已签收
114925524,已签收
114963576,已签收
114941672,已签收
114902695,已签收
115075559,已签收
114954775,已签收
115040694,已签收
114960980,已签收
115070241,已签收
115127739,已签收
114957774,已签收
114959613,已签收
114944874,已签收
115085418,运输中
115085293,已签收
114960030,已签收
115086110,已签收
114910547,已签收
114958688,已签收
115207931,已签收
114899007,已签收
114891479,已签收
114913216,已签收
114906894,已签收
114885131,已签收
114884410,已签收
114896053,已签收
114909733,已签收
114881386,已签收
114905915,已签收
115067764,已签收
115220331,已签收
115151171,已签收
115146867,已签收
115142700,已签收
115158955,已签收
115162200,已签收
115136860,已签收
115113711,已签收
115175289,已签收
115197365,已签收
114943130,已签收
115219319,已签收
114939890,已签收
115057989,已签收
115043872,已签收
115178832,已签收
115063300,已签收
115057087,已签收
114757246,已签收
114890064,已签收
114882532,已签收
114888529,已签收
115040048,已签收
114960397,运输中
115034334,已签收
115035454,已签收
115038469,运输中
115042976,已签收
115034945,已签收
115151988,已签收
115156362,已签收
115157137,已签收
115155010,已签收
115254582,已签收
115071425,已签收
115067788,已签收
115075120,已签收
115075461,已签收
115066269,已签收
115075763,运输中
115070670,已签收
115065698,已签收
115067642,已签收
115041730,已签收
115043300,已签收
115056573,已签收
115036978,已签收
115031521,已签收
115105717,已签收
115150434,已签收
115125183,已签收
115120360,已签收
115107703,已签收
115108553,已签收
115048081,已签收
115057024,已签收
115118734,已签收
115039685,已签收
115259519,已签收
115147482,已签收
115126225,已签收
115256679,已签收
115036865,已签收
115033105,有异常
115032984,已签收
115033152,已签收
115030994,已签收
115284733,已签收
115029964,已签收
114959471,已签收
115162183,已签收
115068511,已签收
115035986,已签收
115038000,已签收
115040576,已签收
115042214,已签收
115077003,已签收
115074536,已签收
114898903,已签收
115068684,已签收
115077550,已签收
115070195,运输中
115076404,已签收
115077129,已签收
115077777,已签收
115076753,运输中
115073945,已签收
115041497,运输中
115039932,已签收
115077914,已签收
115078477,运输中
115078370,已签收
115080614,已签收
114964035,已签收
114944649,运输中
114950427,已签收
114961565,已签收
114946076,已签收
114946749,运输中
114943714,已签收
115131761,已签收
114947586,已签收
114943644,已签收
114943352,已签收
115082793,已签收
114964417,运输中
114936351,已签收
115083698,已签收
115083550,已签收
115083131,已签收
115081787,运输中
115132418,已签收
115133881,已签收
115128324,已签收
115138355,已签收
114964128,已签收
115124056,运输中
114954676,已签收
115126091,已签收
115066392,已签收
115125555,运输中
115125313,已签收
115126738,已签收
115122978,运输中
115123361,有异常
115133708,已签收
115125190,已签收
115127954,已签收
115124578,运输中
115016356,运输中
115099036,已签收
115129987,已签收
114940157,已签收
115083819,运输中
115091549,已签收
115075918,已签收
114944267,已签收
115099092,已签收
114963796,运输中
114956130,已签收
115084406,已签收
115093114,已签收
115076274,运输中
115085081,已签收
115089062,已签收
115127730,已签收
115092162,已签收
115090924,已签收
114952249,已签收
115091849,运输中
115084207,已签收
114910195,已签收
115091750,已签收
115093318,已签收
115099345,已签收
115093903,已签收
115130902,已签收
115094202,已签收
114955509,运输中
114962990,已签收
115130142,已签收
114962598,已签收
114945041,已签收
114953727,已签收
115131399,已签收
115084066,已签收
114951412,已签收
115094479,已签收
114942965,已签收
114948063,已签收
114937133,已签收
114952029,已签收
114938484,运输中
115123010,运输中
114956483,运输中
114961278,已签收
114918241,已签收
115089731,已签收
114963151,运输中
115086281,已签收
115093391,已签收
114948964,已签收
114943009,已签收
114902037,已签收
115089250,已签收
115087792,运输中
115081900,运输中
115088486,已签收
115089476,已签收
114958084,运输中
114921727,运输中
114958351,已签收
115017062,运输中
115015511,已签收
115088857,已签收
114909414,运输中
114957748,已签收
114945745,已签收
114925441,已签收
114961841,已签收
114962148,已签收
114950186,运输中
114959789,运输中
114941309,已签收
114944481,已签收
115091062,已签收
114948492,已签收
114958693,已签收
114956181,已签收
115016187,已签收
115017652,已签收
114940884,已签收
115147795,已签收
115146393,已签收
115063943,已签收
115115719,已签收
115038378,已签收
114976110,已签收
115078439,已签收
115069605,已签收
115078354,已签收
115110908,运输中
114961116,已签收
115068163,已签收
115059555,已签收
115069733,已签收
115128251,已签收
115152748,已签收
115135116,已签收
115146013,已签收
115150647,已签收
114947792,已签收
115150864,已签收
115121320,已签收
115074706,已签收
115075105,已签收
115013878,运输中
114945761,已签收
115034392,已签收
115032291,已签收
115032954,已签收
115117398,已签收
115035914,已签收
115122535,已签收
115031729,有异常
115029074,已签收
115026250,已签收
115131760,已签收
114951165,已签收
115108214,已签收
115056266,已签收
115060065,已签收
115042584,已签收
114892031,已签收
115055559,已签收
115056270,已签收
115106573,已签收
115104742,已签收
115102609,已签收
114970120,已签收
115100845,已签收
115103268,已签收
115106089,已签收
115106744,已签收
115107388,已签收
115151263,已签收
115110589,已签收
115143933,已签收
115140381,已签收
115113470,已签收
115143224,已签收
115139562,已签收
115135012,已签收
115145383,已签收
115145907,已签收
115146146,已签收
115113110,已签收
115109321,已签收
114913416,已签收
115110106,已签收
115114128,已签收
115117272,已签收
115111734,已签收
115123817,已签收
115126009,已签收
115126466,已签收
115148240,已签收
115147771,已签收
115128400,已签收
115108922,已签收
115058762,已签收
115129484,已签收
115130566,已签收
115130738,已签收
115115271,已签收
115131952,已签收
115121013,已签收
115119287,已签收
115112126,已签收
115120942,运输中
115120020,已签收
115122025,已签收
115117417,已签收
115121489,已签收
115136326,已签收
115121736,已签收
115136576,已签收
115125715,已签收
115135294,已签收
115133705,已签收
115134398,已签收
115139164,已签收
115137919,已签收
115038990,已签收
114992582,已签收
115150106,已签收
115153142,已签收
115040010,已签收
115151496,已签收
115044126,已签收
115049383,已签收
115053669,有异常
115045953,已签收
115050131,已签收
115054161,已签收
115054764,已签收
115003721,已签收
114946915,已签收
115026009,已签收
114945697,已签收
115042000,已签收
115044112,已签收
115047132,已签收
115044849,已签收
115042191,已签收
115035763,已签收
115036172,已签收
115034616,已签收
115032663,已签收
115031290,已签收
115028350,已签收
115058112,已签收
115058714,已签收
115055288,已签收
114898155,已签收
115057199,已签收
115055148,已签收
115054588,已签收
115059333,已签收
115052157,已签收
115035587,已签收
115033769,已签收
115050467,已签收
115050883,已签收
115034854,已签收
115053120,已签收
115037605,已签收
115048269,已签收
114959271,已签收
114947211,运输中
115005611,运输中
114973439,运输中
114992196,运输中
114967844,运输中
115016522,运输中
114550516,已签收
114916766,已签收
114952601,已签收
114920745,已签收
114915453,已签收
114916053,已签收
114562764,已签收
114954266,已签收
114963987,已签收
114919076,已签收
114955660,已签收
114952035,已签收
114918309,已签收
114918994,已签收
114616693,已签收
114956429,已签收
114963345,已签收
114960720,已签收
114966126,已签收
114960808,已签收
114416726,已签收
115028705,已签收
114936608,已签收
114916449,已签收
114941580,已签收
115023897,运输中
115019399,运输中
115022095,运输中
114997507,已签收
115011216,运输中
115006814,运输中
114710123,已签收
115017957,运输中
115017252,已签收
114994431,运输中
115012471,运输中
114998158,运输中
115007446,运输中
115009677,运输中
115008864,运输中
114996828,已签收
115002464,运输中
115003656,已签收
114999366,运输中
115004958,运输中
114996326,已签收
115001661,运输中
114981457,已签收
114963863,运输中
114990433,运输中
114983568,运输中
114988992,已签收
114988075,已签收
114979064,运输中
114975300,运输中
114977389,运输中
114982191,已签收
114969450,已签收
114976032,运输中
114982840,运输中
114985861,运输中
114964390,已签收
114986402,已签收
114987304,运输中
114993033,已签收
114970822,运输中
114959648,运输中
114955330,运输中
114993631,已签收
114995135,已签收
114944941,已签收
114980228,运输中
114977999,运输中
114970086,运输中
114972671,已签收
114799194,已签收
114805024,已签收
114895250,已签收
114876802,已签收
114880554,已签收
114883375,已签收
114892099,已签收
114842814,已签收
114835964,已签收
114806266,已签收
114827025,已签收
114869977,已签收
114844966,已签收
114858144,已签收
114854591,已签收
114911663,已签收
114725435,已签收
114820968,已签收
114773857,已签收
114816441,已签收
114877033,已签收
114869227,已签收
114806350,已签收
114848735,已签收
114760312,已签收
114837079,已签收
114882286,已签收
114874299,已签收
114805534,已签收
114900402,已签收
114901226,已签收
114902803,已签收
114897344,已签收
114912001,已签收
114910094,已签收
114906331,已签收
114911524,已签收
114912732,已签收
114904975,已签收
114903652,已签收
114913674,已签收
114887063,已签收
114859446,已签收
114748139,已签收
114856573,已签收
114856854,已签收
114866846,已签收
114744813,已签收
114887460,已签收
114868295,已签收
114872426,已签收
114884794,已签收
114869138,已签收
114883253,已签收
114856974,已签收
114888615,已签收
114893172,已签收
114884719,已签收
114884420,已签收
114887669,已签收
114887889,已签收
114888396,已签收
114883050,已签收
114882816,已签收
114888512,已签收
114884146,已签收
114889075,已签收
114552047,已签收
1-112984715,已签收
114759783,已签收
114772291,已签收
114766093,已签收
114794468,已签收
114787718,已签收
114644332,已签收
114801816,已签收
114769676,已签收
114690286,已签收
114761205,已签收
1-112973472,已签收
114728603,已签收
114799570,已签收
114775362,已签收
114747671,已签收
114681414,已签收
114731112,已签收
114686004,已签收
114678192,已签收
114731626,已签收
114746517,已签收
114743999,已签收
114800771,已签收
114748989,已签收
114787549,已签收
114776101,已签收
114714040,已签收
114766984,已签收
114776195,已签收
114746161,已签收
114747226,已签收
114791226,已签收
114792546,已签收
114750833,已签收
114753180,已签收
114765961,已签收
114757341,已签收
114774266,已签收
114779484,已签收
114767139,已签收
114752526,已签收
114748160,已签收
114778761,已签收
114783999,已签收
114754043,已签收
114762168,已签收
114771742,已签收
114764112,已签收
114782984,已签收
114758510,已签收
114766680,已签收
114763530,已签收
114783108,已签收
114769116,已签收
114783955,已签收
114786829,已签收
114788649,已签收
114779798,已签收
114788123,已签收
114783434,已签收
114613092,已签收
114662016,已签收
114621148,已签收
114597733,已签收
114630699,已签收
114538699,已签收
114618983,已签收
114585999,已签收
114606319,已签收
114573189,已签收
114529240,运输中
114670842,已签收
114655927,已签收
114565893,已签收
114609185,已签收
114748896,已签收
114611309,已签收
114606516,已签收
114688647,已签收
114581136,已签收
114628875,运输中
114610215,已签收
114676899,已签收
114567513,已签收
114624679,已签收
114686686,已签收
114593756,已签收
114596518,已签收
114612115,已签收
114667271,已签收
114736367,已签收
114394833,已签收
114565221,已签收
114523719,已签收
114597386,已签收
114732955,运输中
114443437,已签收
114646215,已签收
114602152,已签收
114591188,已签收
114708877,已签收
114723673,已签收
114588002,已签收
114485635,已签收
114642101,已签收
114498912,已签收
114673289,已签收
114599439,已签收
114648749,已签收
114559531,已签收
114635865,已签收
114655048,已签收
114581800,已签收
114738636,已签收
114600058,已签收
114508542,已签收
114616742,已签收
114625115,已签收
114577237,已签收
114690791,已签收
114597045,已签收
114575465,已签收
114543752,已签收
114595940,已签收
114569722,已签收
114709500,已签收
114615233,已签收
114615954,已签收
114622986,已签收
114626901,已签收
114619184,已签收
114646932,已签收
114643409,已签收
114673110,已签收
114676424,已签收
114620089,已签收
114584371,已签收
114622164,已签收
114658576,已签收
114655056,已签收
114544798,已签收
114650434,已签收
114566183,已签收
114657515,已签收
114649793,已签收
114659364,已签收
114688476,已签收
114663489,已签收
114616785,已签收
114645272,已签收
114669067,运输中
114627418,已签收
114626194,已签收
114628176,已签收
114623816,已签收
114649147,已签收
114728843,已签收
114693455,已签收
114705916,已签收
114743693,已签收
114697668,已签收
114690089,已签收
114702843,已签收
114740486,已签收
114687714,已签收
114706921,已签收
114694480,已签收
114738229,已签收
114739130,已签收
114680707,已签收
114602018,已签收
114589415,已签收
114524744,已签收
114511151,已签收
114581566,已签收
114525164,已签收
114543864,已签收
114520844,已签收
114570096,已签收
114529012,已签收
114585231,已签收
114507771,已签收
114490772,已签收
114484813,已签收
114587103,已签收
114599447,已签收
114703399,已签收
114681376,已签收
114689831,已签收
114705923,已签收
114709532,已签收
114624370,已签收
114710556,已签收
114711324,已签收
114719803,已签收
114715676,已签收
114620989,已签收
114693042,已签收
114742869,已签收
114620309,已签收
114600711,已签收
114600499,已签收
114614752,已签收
114685455,已签收
114620062,已签收
114620952,已签收
114706400,已签收
114692771,已签收
114693776,已签收
114715340,已签收
114713770,已签收
114690313,已签收
114741349,已签收
114700777,已签收
114688771,已签收
114716117,已签收
114698109,已签收
114705153,已签收
114622080,已签收
114618068,已签收
114622873,已签收
114689166,已签收
114683455,已签收
114698700,已签收
114689531,已签收
114616594,已签收
114627117,已签收
114627411,已签收
114701738,已签收
114632831,已签收
114630214,运输中
114678875,运输中
114594961,已签收
114474166,已签收
114586949,已签收
114598482,已签收
114601675,已签收
114604567,已签收
114604994,已签收
114611506,已签收
114611800,已签收
114612937,已签收
114613714,已签收
114600982,已签收
114610206,已签收
114626613,已签收
114632186,已签收
114682391,已签收
114678398,已签收
114683968,已签收
114623854,已签收
114619830,已签收
114678080,已签收
114624927,已签收
114623398,已签收
114619857,已签收
114612179,已签收
114627932,已签收
114624017,已签收
114702826,已签收
114697172,已签收
114685135,已签收
114694721,已签收
114702112,已签收
114739244,已签收
114744697,已签收
114707436,已签收
114705595,已签收
114708757,已签收
114699937,已签收
114713384,已签收
114696321,已签收
114695032,已签收
114687036,已签收
114703910,已签收
114593840,已签收
114598983,已签收
114605323,已签收
114598394,有异常
114611237,已签收
114602865,已签收
114586103,已签收
114606230,已签收
114586692,已签收
114568498,已签收
114485713,已签收
114573685,已签收
114582502,已签收
114569348,已签收
114546394,已签收
114564916,已签收
114572901,已签收
114572171,已签收
114607275,已签收
114508459,已签收
114609952,已签收
114521126,已签收
114588578,已签收
114574491,已签收
114502776,已签收
114499302,已签收
114526222,已签收
114493160,已签收
114596623,已签收
114537391,已签收
114491334,已签收
114540266,已签收
114577575,已签收
114500892,已签收
114487286,已签收
114488299,已签收
114503709,已签收
114504492,已签收
114513021,已签收
114539410,已签收
114533346,已签收
114545674,已签收
114551119,已签收
114506361,已签收
114535031,运输中
114492564,已签收
114502215,已签收
114512654,已签收
114488768,已签收
114547692,已签收
114497530,已签收
114547075,已签收
114496109,已签收
114567207,已签收
114516991,已签收
114534172,已签收
114603856,已签收
114594684,已签收
114614317,已签收
114610974,已签收
114615097,已签收
114594150,已签收
114522242,已签收
114598739,已签收
114597382,已签收
114607097,已签收
114608256,已签收
114602970,已签收
114603757,已签收
114611090,已签收
114602366,已签收
114606477,已签收
114605901,已签收
114611335,已签收
114591365,已签收
114603381,已签收
114528454,已签收
114512024,已签收
114516446,已签收
114532582,已签收
114494057,已签收
114507325,已签收
114495712,已签收
114522548,已签收
114509975,运输中
114535829,已签收
114515268,已签收
114499572,已签收
114503177,已签收
114503264,已签收
114504775,运输中
114505251,已签收
114496833,已签收
114520442,已签收
114509154,已签收
114508712,已签收
114515689,已签收
114519854,已签收
114520899,已签收
114535987,已签收
114506097,已签收
114511240,已签收
114512261,已签收
114513652,已签收
114524055,已签收
114516832,已签收
114549019,已签收
114517888,已签收
114548502,已签收
114544871,已签收
114527851,已签收
114532441,已签收
114498649,已签收
114536835,已签收
114536449,已签收
114529200,已签收
114526043,已签收
114529860,已签收
114540296,已签收
114541702,已签收
114530857,已签收
114526703,已签收
114515643,已签收
114541258,已签收
114530899,已签收
114508561,已签收
114520329,已签收
114544271,已签收
114521659,已签收
113964369,已签收
114491939,已签收
114480241,已签收
114551914,已签收
114540666,已签收
114550521,已签收
114044192,已签收
114528573,已签收
114535294,已签收
114545456,已签收
114536348,已签收
114513105,已签收
114523289,已签收
114056242,已签收
114424735,已签收
114066903,已签收
114028266,已签收
114511590,已签收
114534529,已签收
114486609,已签收
114043391,已签收
114548022,已签收
114048437,已签收
114043637,已签收
114527067,已签收
114527423,已签收
114497576,已签收
114524581,已签收
114534780,已签收
114544150,已签收
114298037,已签收
114063747,已签收
114521348,已签收
114523267,已签收
114533456,已签收
114531560,已签收
114384836,已签收
114464818,已签收
114394653,已签收
114462854,已签收
114388481,已签收
114380869,已签收
114470897,已签收
114457874,已签收
114478139,已签收
114358191,已签收
114419150,已签收
114383133,已签收
114379230,已签收
114391617,已签收
114456992,已签收
114393141,已签收
114388464,已签收
114373866,已签收
114395485,已签收
114371635,已签收
114393119,已签收
114388706,已签收
114374649,已签收
114388301,已签收
114389725,已签收
114374219,已签收
114397302,已签收
114380968,已签收
114384976,已签收
114307626,已签收
114391850,已签收
114413612,已签收
114386283,已签收
114371288,已签收
114447841,已签收
114381882,已签收
114405657,已签收
114394212,已签收
114396940,已签收
114269355,已签收
114471534,已签收
114353881,已签收
114474686,已签收
114476034,已签收
114348422,已签收
114414925,已签收
114385229,已签收
114425004,已签收
114445904,有异常
114391101,已签收
114468180,已签收
114392359,已签收
114454272,已签收
114478526,已签收
114464410,已签收
114460611,已签收
114375685,已签收
114471064,已签收
114377909,已签收
114377758,已签收
114483983,已签收
114377943,已签收
114382756,已签收
114355445,已签收
114398054,已签收
114335243,运输中
114405112,已签收
114353112,已签收
114424991,已签收
114343149,已签收
114445319,已签收
114417403,已签收
114452279,已签收
114389163,已签收
114390137,已签收
114445284,已签收
114384374,已签收
114064833,已签收
114298019,已签收
114152827,已签收
114119317,已签收
114331774,已签收
114378637,已签收
114394406,已签收
114381216,已签收
114387542,已签收
114381007,已签收
114392485,已签收
114392945,已签收
114385900,已签收
114392269,已签收
114393430,已签收
114391392,已签收
114390661,已签收
114388191,已签收
114384683,已签收
114385150,已签收
114389871,已签收
114381321,已签收
114385809,已签收
114397534,已签收
114383515,已签收
114314341,已签收
114370289,已签收
114314862,已签收
114389305,已签收
114375020,已签收
114370939,已签收
114377586,已签收
114377194,已签收
114376900,已签收
114077343,已签收
114086043,已签收
114076296,已签收
114386982,已签收
114392259,已签收
114110942,已签收
114394481,已签收
114395927,已签收
114381624,已签收
114385570,已签收
114073422,已签收
114392127,已签收
114391313,已签收
114389426,已签收
114379020,已签收
114387967,已签收
114396532,已签收
114391095,已签收
114370505,已签收
114386804,已签收
114395127,已签收
114379870,已签收
114393841,已签收
114393546,已签收
114117969,已签收
114309264,已签收
114072707,已签收
114077261,已签收
114050403,已签收
114050649,已签收
114046418,已签收
114047903,已签收
114185110,已签收
114267739,已签收
114268179,已签收
114240906,已签收
114325684,已签收
114301714,已签收
113965979,已签收
114319212,已签收
114150995,已签收
114262870,已签收
114226097,已签收
114322749,已签收
114253355,已签收
114324659,已签收
114233364,已签收
114330705,已签收
114298971,已签收
114295934,已签收
114279508,已签收
114301787,已签收
114301486,已签收
114117715,已签收
114315788,已签收
114303734,已签收
114251364,已签收
114120611,已签收
114299322,已签收
114323047,已签收
114100907,已签收
114065926,已签收
114065275,已签收
114266830,已签收
114280431,已签收
114278069,已签收
114077385,已签收
114286261,已签收
114285206,已签收
114282562,已签收
114014391,已签收
114060471,已签收
114060041,已签收
114065145,已签收
113975526,已签收
114073267,已签收
114085459,已签收
114181289,已签收
114070595,已签收
114072160,已签收
114066875,已签收
114281476,已签收
114067542,已签收
114071235,已签收
114074943,已签收
114066916,已签收
114070314,已签收
114058042,已签收
114055653,已签收
114060557,已签收
114078291,已签收
114283632,已签收
114069434,已签收
114061596,已签收
114067143,已签收
114061717,已签收
114073174,已签收
114063962,已签收
114056030,已签收
114191851,已签收
114279934,已签收
114076102,已签收
114065351,已签收
114068701,已签收
114276271,已签收
114077561,已签收
114076410,已签收
114080769,已签收
114084367,已签收
114072092,已签收
114265885,已签收
114070755,已签收
114058664,已签收
114281633,已签收
114079198,已签收
114071811,已签收
114088553,已签收
114278765,已签收
114080077,已签收
114083961,已签收
114258371,已签收
114159562,已签收
114267412,已签收
114262071,已签收
114155683,已签收
114187425,已签收
114250284,已签收
113962116,已签收
114123063,已签收
114188558,已签收
114174267,已签收
114243589,已签收
114181618,已签收
114154069,已签收
114192877,已签收
114190942,已签收
114183704,已签收
114149004,已签收
114154810,已签收
114085913,已签收
114154193,已签收
114084277,已签收
114151164,已签收
114101709,已签收
114114800,已签收
114114318,已签收
114158307,已签收
114108624,已签收
114103576,已签收
114195188,已签收
114102913,已签收
114095484,已签收
114090954,已签收
114008471,已签收
114091908,已签收
114075927,已签收
114080407,已签收
114074665,已签收
114215427,已签收
114213922,已签收
114208699,已签收
114088676,已签收
114209578,已签收
114081267,已签收
114217915,已签收
114073126,已签收
113999595,已签收
114082012,已签收
114230735,已签收
114243245,已签收
114239506,已签收
114231579,已签收
114253073,已签收
114258658,已签收
114223036,已签收
114261491,已签收
114215989,已签收
114220324,已签收
114227948,已签收
114219329,已签收
114232060,已签收
114112758,已签收
114087182,已签收
114072864,已签收
114107249,已签收
114093684,已签收
114085053,已签收
114113453,已签收
114170797,已签收
114159052,已签收
114115902,已签收
114104636,已签收
114156867,已签收
114142762,已签收
114116409,已签收
114105343,已签收
114155387,已签收
114002416,已签收
114025982,已签收
114067429,已签收
114078927,已签收
114159498,已签收
114158312,已签收
114092253,已签收
114100693,已签收
114084224,已签收
114088391,已签收
114078464,已签收
114097541,已签收
114096617,已签收
114229305,已签收
114091393,已签收
114032991,已签收
114172257,已签收
114209239,未查到
114231332,已签收
114191888,已签收
114218418,已签收
114094288,已签收
114255068,已签收
114074763,已签收
114076806,已签收
114089960,已签收
114218841,已签收
114116408,已签收
114238757,已签收
114159025,已签收
114154967,已签收
114171662,已签收
114222064,已签收
113946085,已签收
114209950,已签收
114173114,已签收
114083200,已签收
114228683,已签收
113957829,已签收
114234311,已签收
114190630,已签收
114216359,已签收
114205054,已签收
114191333,已签收
114223975,已签收
114222508,已签收
114103082,已签收
114149577,已签收
114166845,已签收
114258078,已签收
114105681,已签收
114245421,已签收
114256453,已签收
114242022,已签收
114236870,已签收
114235312,已签收
114260180,已签收
114275628,已签收
114085354,已签收
114074363,已签收
113989563,已签收
114077345,已签收
114247219,已签收
114103024,已签收
114257095,已签收
114192473,已签收
114159605,已签收
113977014,已签收
114087934,已签收
114270336,已签收
114084790,已签收
114086266,已签收
114188465,已签收
114098910,已签收
114092681,运输中
114068179,已签收
114065830,已签收
114068651,已签收
114068406,已签收
114069357,已签收
114068971,已签收
113945697,已签收
114077048,已签收
114074356,已签收
113945042,已签收
114075917,已签收
114084582,已签收
114078752,已签收
114086817,已签收
114075742,已签收
114071085,已签收
114081439,已签收
114083519,已签收
113950123,已签收
114243622,已签收
114076633,已签收
114193755,已签收
114073013,已签收
114084229,已签收
113974516,已签收
114071487,已签收
114060135,已签收
114213468,已签收
114079580,已签收
114207663,已签收
114063718,已签收
114265617,已签收
114282674,已签收
114282614,已签收
114095098,已签收
114061292,已签收
114162315,已签收
114173864,已签收
114143730,已签收
114164177,已签收
114124674,已签收
114061971,已签收
114094330,运输中
114080098,已签收
114285698,已签收
114282046,已签收
114276144,已签收
114274027,已签收
114065095,已签收
114080934,运输中
114088451,已签收
114160110,已签收
114052535,已签收
114153539,已签收
114181015,已签收
114208269,已签收
114180552,已签收
114177324,已签收
114200404,已签收
114244240,已签收
114211641,已签收
113995963,已签收
114226931,已签收
113952742,已签收
113944401,已签收
113912764,已签收
114048087,已签收
113990553,已签收
113973288,已签收
113979041,已签收
113965680,已签收
114036466,已签收
113965298,已签收
113941337,已签收
113948527,已签收
113847576,已签收
113926039,已签收
113998693,已签收
113928956,已签收
113911378,已签收
113947705,已签收
114054933,运输中
113967834,已签收
113889737,已签收
113816597,已签收
113990753,已签收
113915662,已签收
113851298,已签收
114045963,已签收
114046113,已签收
113835409,已签收
114045519,已签收
113951289,已签收
113852729,已签收
114037896,已签收
113939845,已签收
113866408,已签收
114050848,已签收
114045982,已签收
114049910,已签收
114045695,已签收
113997521,已签收
113958007,已签收
114056857,已签收
114019152,已签收
113966908,已签收
113956003,已签收
113948725,已签收
113957331,已签收
113939826,已签收
113939980,已签收
113957084,已签收
113965284,已签收
113961893,已签收
113947551,已签收
113927237,已签收
114021432,已签收
114024538,已签收
113963648,已签收
113960066,已签收
113965910,已签收
113946530,已签收
113986502,已签收
113925011,已签收
114008287,已签收
113963774,已签收
113989583,已签收
113975015,已签收
113905692,已签收
113900614,已签收
113955510,已签收
113958040,已签收
113985453,已签收
113984630,已签收
113940135,已签收
113922949,已签收
113958397,已签收
113961952,已签收
113945749,已签收
113907562,已签收
113949517,已签收
113909036,已签收
113909451,运输中
113905512,已签收
113880953,已签收
114037113,已签收
113989553,已签收
113946512,已签收
113989148,已签收
113998705,已签收
114016349,已签收
114008821,已签收
114037876,已签收
114020663,已签收
113960130,已签收
114026767,已签收
113998978,已签收
113913459,已签收
114043765,已签收
113858970,已签收
113936082,已签收
113925343,已签收
113841813,已签收
114005941,已签收
114001796,已签收
113923896,已签收
113966500,已签收
114020031,已签收
114032910,已签收
113915907,已签收
114004295,已签收
114036348,已签收
113993718,已签收
114033262,已签收
113934580,已签收
113929570,已签收
113948537,已签收
113912751,已签收
113913806,已签收
113992815,已签收
114034944,已签收
114041268,已签收
113963925,已签收
113990587,已签收
113977294,已签收
114046211,已签收
113972925,已签收
113961224,已签收
113968411,已签收
113969682,已签收
113992624,已签收
114004730,已签收
113930067,已签收
113901552,已签收
113875815,已签收
113870862,已签收
113853647,已签收
113784898,已签收
113781671,已签收
113731507,已签收
113727480,已签收
113724233,已签收
113674168,已签收
113662943,已签收
113658058,已签收
113653702,已签收
113645827,已签收
113601187,已签收
113591512,已签收
113539489,已签收
113572301,已签收
113990640,已签收
114026404,已签收
113950688,已签收
114024954,已签收
114029467,已签收
113915192,已签收
114035560,已签收
113950555,已签收
113994372,已签收
113989086,已签收
113925684,已签收
113989485,已签收
113987778,已签收
113986683,已签收
113992443,已签收
113939224,已签收
113963987,已签收
114034275,已签收
114034730,已签收
113978166,已签收
113993412,已签收
113986950,已签收
113920623,已签收
113917164,已签收
113940410,已签收
113988508,已签收
113917244,已签收
113924528,已签收
113923906,已签收
114028967,已签收
113989495,已签收
113962406,已签收
113924691,已签收
113913103,已签收
113967504,已签收
113977932,已签收
113990916,已签收
113934725,已签收
113933705,已签收
113978289,已签收
114011480,已签收
113991387,已签收
114043067,已签收
113976923,已签收
113989135,已签收
113856295,已签收
113987201,已签收
113999868,已签收
114040386,已签收
113864275,已签收
113993094,已签收
114048760,已签收
114026791,已签收
114044457,已签收
113994563,已签收
113888803,已签收
114044076,已签收
114049620,已签收
114046837,已签收
113945381,已签收
114044617,已签收
113958836,运输中
113927110,已签收
114049199,已签收
113935205,已签收
114045964,已签收
114050544,已签收
114050071,已签收
113991648,已签收
113947084,已签收
113985126,已签收
114027887,已签收
113985647,已签收
114039138,已签收
113992372,已签收
114035366,已签收
114029777,已签收
114046644,已签收
114046505,已签收
114025751,已签收
113934409,已签收
114048686,已签收
114037164,已签收
114050698,已签收
114037742,已签收
114036899,已签收
114039996,已签收
114039407,已签收
114053348,已签收
114052917,已签收
114052154,运输中
114052088,已签收
114035974,已签收
114050289,已签收
113778977,已签收
113809556,已签收
113767629,已签收
113876135,已签收
114047233,已签收
114046965,已签收
114046776,已签收
114025647,已签收
114037325,已签收
114021582,已签收
114006185,已签收
114010269,已签收
113965672,已签收
113942786,已签收
113880918,已签收
113873279,已签收
114035901,已签收
114026805,已签收
113932083,已签收
113936704,已签收
113924504,已签收
113917477,已签收
113905879,已签收
113932839,已签收
113943776,已签收
113920247,已签收
113907290,已签收
113903427,已签收
113947422,已签收
113959926,已签收
113949817,已签收
113913133,已签收
113917027,已签收
113908942,已签收
113908726,已签收
113840172,已签收
113955422,已签收
113904596,已签收
113854706,已签收
113925194,已签收
113913361,已签收
113950771,已签收
113937156,已签收
113863726,已签收
114008073,已签收
113982527,已签收
114021749,已签收
114021588,已签收
114002976,已签收
113967074,已签收
113971831,已签收
113989648,已签收
113968705,已签收
113936613,已签收
113945304,已签收
113976832,已签收
114006304,已签收
113965674,已签收
113987516,已签收
114033049,已签收
113948282,已签收
113948049,已签收
113994924,已签收
113952358,已签收
113967864,已签收
114003427,已签收
113923098,已签收
113952141,已签收
114013418,运输中
113918941,已签收
113879191,已签收
114000381,已签收
113950609,已签收
114005118,已签收
113922787,已签收
114033717,已签收
113921360,已签收
114034725,已签收
114028164,已签收
114022644,已签收
113989778,已签收
113970328,已签收
113923350,已签收
114042079,已签收
113910958,已签收
114006585,运输中
114033280,已签收
114029516,已签收
114025621,已签收
114019567,已签收
114039580,已签收
114028993,已签收
114035234,已签收
113920527,已签收
114044359,已签收
114039086,已签收
114041438,已签收
114043167,已签收
114023970,已签收
114040282,已签收
113962667,已签收
113963805,已签收
113930091,已签收
114002777,已签收
113965169,已签收
114013671,已签收
114019359,已签收
113816921,已签收
113973300,已签收
114036559,已签收
113913755,已签收
114021531,已签收
114042954,已签收
114007349,已签收
114005449,已签收
113919487,已签收
114000970,已签收
114003893,已签收
114038308,已签收
114041121,已签收
114036089,已签收
114011627,已签收
113939326,已签收
114014361,已签收
114012363,已签收
114025227,已签收
113958028,已签收
114001194,已签收
114029778,已签收
114028190,已签收
114035816,已签收
113957510,已签收
113966909,已签收
113928967,已签收
113829013,已签收
113963465,已签收
113974228,已签收
113951678,已签收
113848882,已签收
113982550,已签收
113953811,已签收
113679023,已签收
113991438,运输中
113940309,已签收
113851385,已签收
113863488,已签收
113883093,已签收
113597579,已签收
113637766,运输中
113804900,已签收
113930341,已签收
113739840,已签收
113738221,已签收
113655997,已签收
113550057,已签收
113556307,已签收
113981025,已签收
113987532,已签收
113979503,已签收
113976715,已签收
113969452,已签收
113965028,已签收
113958612,已签收
113947217,已签收
113868511,已签收
113953037,已签收
113880301,已签收
113888480,已签收
113866756,已签收
113937612,已签收
113935279,已签收
113942215,已签收
113941278,已签收
113730750,已签收
113957648,已签收
113953520,已签收
113985317,已签收
113947754,已签收
113985070,已签收
113907974,已签收
113941962,已签收
113915904,已签收
113919999,已签收
113986836,已签收
113982157,已签收
113828101,已签收
113941900,已签收
113980630,已签收
113952655,已签收
113991233,已签收
113941654,已签收
113942257,已签收
113937180,已签收
113931909,已签收
113932599,已签收
113802457,已签收
113941383,已签收
113771787,已签收
113949415,已签收
113920664,已签收
113938621,已签收
113867592,已签收
113936081,已签收
113971943,已签收
113943386,已签收
113962588,已签收
113898732,已签收
113848039,已签收
113948804,已签收
113823552,已签收
113821003,已签收
113949395,已签收
113903929,已签收
113889763,已签收
113811493,已签收
113910134,已签收
113795546,已签收
113761196,已签收
113931765,已签收
113950832,已签收
113947140,已签收
113975126,已签收
113996198,已签收
113944034,已签收
113962244,已签收
113743995,已签收
113969392,已签收
113958590,已签收
113946130,已签收
113714595,已签收
113959001,运输中
113800013,已签收
113926054,已签收
113877413,已签收
113851525,已签收
113596146,已签收
113988275,已签收
113671470,已签收
113592878,已签收
113957718,已签收
113961477,已签收
113738133,已签收
113950847,已签收
113953581,已签收
113949740,已签收
113859847,已签收
113922889,已签收
113804280,已签收
113839182,已签收
113992399,已签收
113938788,已签收
113833566,已签收
113843437,已签收
113848562,已签收
113987965,已签收
113849778,已签收
113896023,已签收
113906304,已签收
113776297,已签收
113951601,已签收
113947850,已签收
113972932,已签收
113959102,已签收
113948796,已签收
113964095,已签收
113963849,已签收
113964241,已签收
113960500,已签收
113958186,已签收
113963301,已签收
113956097,已签收
113952276,已签收
113953397,已签收
113950958,已签收
113974804,已签收
113975396,已签收
113949575,已签收
113968021,已签收
113964416,已签收
113966432,已签收
113949738,已签收
113973364,已签收
113961878,已签收
113974208,已签收
113958441,已签收
113956590,已签收
113973244,已签收
113972774,已签收
113956156,已签收
113961479,已签收
113959934,已签收
113960353,已签收
113954525,已签收
113960104,已签收
113976882,已签收
113952183,已签收
113914354,已签收
113912987,已签收
113941777,已签收
113927863,已签收
113899164,已签收
113924378,已签收
113961250,已签收
113788477,已签收
113989998,已签收
113920896,已签收
113949556,已签收
113916573,已签收
113926762,已签收
113842844,已签收
113954202,已签收
113895565,已签收
113952280,已签收
113998144,已签收
113950093,已签收
113917287,已签收
113956053,已签收
113932125,已签收
113932953,已签收
113967328,已签收
113898371,已签收
113884790,已签收
113949852,已签收
113967976,已签收
113959060,已签收
113960513,已签收
113988705,已签收
113942497,已签收
113928780,已签收
113954444,已签收
113969271,已签收
113948135,已签收
113988889,已签收
113969975,已签收
113939750,已签收
113870484,已签收
113953847,已签收
113943732,已签收
113942976,已签收
113955268,已签收
113956445,已签收
113954652,已签收
113972978,已签收
113959982,已签收
113949455,已签收
113931927,已签收
113936367,已签收
113961864,已签收
113975350,已签收
113988247,已签收
113943183,已签收
113990178,已签收
113970824,已签收
113992160,已签收
113955159,已签收
113982946,已签收
113965021,已签收
113961067,已签收
113961865,已签收
113958381,已签收
113988196,已签收
113994518,已签收
113968699,已签收
113905857,已签收
113954121,已签收
113965869,已签收
113936497,已签收
113994907,已签收
113948070,已签收
113948854,已签收
113989964,已签收
113990896,已签收
113986067,已签收
113994080,已签收
113972665,已签收
113994272,已签收
113988149,已签收
113942156,已签收
113949452,已签收
113969106,已签收
113966444,已签收
113938624,已签收
113988756,已签收
113979562,已签收
113930069,已签收
113914620,已签收
113941744,已签收
113948865,已签收
113913457,已签收
113939909,已签收
113937528,已签收
113988004,已签收
113926639,已签收
113941855,已签收
113934078,已签收
113930174,已签收
113966682,已签收
113916596,已签收
113926747,已签收
113923031,已签收
113945657,已签收
113918674,已签收
113930760,已签收
113917056,已签收
113966036,已签收
113946358,已签收
113781430,已签收
113919853,已签收
113919151,已签收
113917560,已签收
113918001,已签收
113926178,已签收
113926266,已签收
113916303,已签收
113924391,已签收
113918894,已签收
113918990,运输中
113918810,已签收
113914375,已签收
113914400,已签收
113934283,已签收
113918103,已签收
113929645,运输中
113967191,已签收
113948926,已签收
113969366,已签收
113949750,已签收
113933986,已签收
113941391,已签收
113938348,已签收
113973099,已签收
113972485,已签收
113968874,已签收
113979481,已签收
113922112,已签收
113969836,已签收
113986088,已签收
113945409,已签收
113925806,已签收
113915610,已签收
113923443,已签收
113929778,已签收
113922728,已签收
113922387,已签收
113964081,已签收
113962899,已签收
113916460,已签收
113915584,已签收
113941104,运输中
113962049,已签收
113967623,已签收
113986457,已签收
113986374,已签收
113946618,已签收
113987317,已签收
113946147,已签收
113924551,已签收
113917579,已签收
113966233,已签收
113994024,已签收
113969970,已签收
113962642,已签收
113987701,已签收
113919332,已签收
113714673,已签收
113582110,已签收
113701638,已签收
113575236,已签收
113573093,已签收
113577333,已签收
113577701,已签收
113599192,已签收
113537625,已签收
113504566,已签收
113473210,已签收
113467494,已签收
113460629,已签收
113304783,已签收
113845107,已签收
113884515,已签收
113862548,已签收
113880774,已签收
113780393,已签收
113837748,已签收
113775815,已签收
113692248,已签收
113811490,已签收
113835871,已签收
113827133,已签收
113764517,已签收
113707041,已签收
113655128,已签收
113770119,已签收
113839186,已签收
113678600,已签收
113798436,已签收
113861141,已签收
113850056,已签收
113843065,已签收
113821131,已签收
113823265,已签收
113836048,已签收
113786864,已签收
113789772,已签收
113811470,已签收
113776595,已签收
113835583,已签收
113831806,已签收
113831631,已签收
113834373,已签收
113893527,已签收
113767610,已签收
113821020,已签收
113770357,已签收
113821758,已签收
113845492,已签收
113833424,已签收
113436477,已签收
113888976,已签收
113706304,已签收
113325460,已签收
113835620,已签收
113810067,已签收
113888558,已签收
113727329,已签收
113884855,已签收
113861035,已签收
113442267,已签收
113831745,已签收
113447859,已签收
113860346,已签收
113776323,已签收
113439012,已签收
113434733,已签收
113850931,已签收
113356005,已签收
113438158,已签收
113806226,已签收
113854921,已签收
113707279,已签收
113835785,已签收
113450352,已签收
113866050,已签收
113815783,已签收
113841020,已签收
113895700,已签收
113859239,已签收
113899153,已签收
113791007,已签收
113791343,已签收
113888757,已签收
113873408,已签收
113872079,已签收
113840680,已签收
113902513,已签收
113876877,已签收
113818314,已签收
113819972,已签收
113787507,已签收
113788670,已签收
113780408,已签收
113791880,已签收
113852266,已签收
113792968,已签收
113901703,已签收
113768617,已签收
113861129,已签收
113770116,已签收
113770158,已签收
113779936,已签收
113887620,已签收
113889514,已签收
113897794,已签收
113708606,已签收
113873787,已签收
113791709,已签收
113787546,已签收
113873502,已签收
113703339,已签收
113622431,已签收
113703654,已签收
113693526,已签收
113776092,已签收
113764445,已签收
113614477,已签收
113616176,已签收
113617564,已签收
113619111,已签收
113722356,已签收
113773199,已签收
113770930,已签收
113690683,已签收
113693629,已签收
113777915,已签收
113773065,已签收
113700454,已签收
113694883,已签收
113714215,已签收
113696183,已签收
113777759,已签收
113777647,已签收
113844310,已签收
113776007,已签收
113696278,已签收
113694834,已签收
113845171,已签收
113718247,已签收
113692315,已签收
113839621,已签收
113722153,已签收
113855516,已签收
113851583,已签收
113852425,已签收
113616095,已签收
113707244,已签收
113697797,已签收
113848038,已签收
113842669,已签收
113697914,已签收
113622524,已签收
113617667,已签收
113852700,已签收
113845760,已签收
113620559,已签收
113620676,已签收
113837357,已签收
113870052,已签收
113874330,已签收
113865670,已签收
113839421,运输中
113869123,已签收
113842999,已签收
113821420,已签收
113820725,已签收
113795329,已签收
113876124,已签收
113793054,已签收
113790870,已签收
113842125,已签收
113879811,已签收
113796678,已签收
113873892,已签收
113855173,已签收
113872858,已签收
113857333,已签收
113855475,已签收
113827663,已签收
113823642,已签收
113790359,已签收
113828094,已签收
113856206,已签收
113785429,已签收
113838325,已签收
113845939,已签收
113875614,已签收
113859427,已签收
113817606,已签收
113791700,已签收
113828836,已签收
113830698,已签收
113873811,已签收
113826723,已签收
113825295,已签收
113781685,已签收
113856959,已签收
113854856,已签收
113825811,已签收
113792633,已签收
113876726,已签收
113877732,已签收
113873258,已签收
113852816,已签收
113822537,已签收
113844789,已签收
113781101,已签收
113790865,已签收
113824604,已签收
113786773,已签收
113874984,已签收
113859976,已签收
113878184,运输中
113876245,已签收
113879161,已签收
113780685,已签收
113788975,已签收
113787273,已签收
113788209,已签收
113783671,已签收
113784645,已签收
113890224,已签收
113850253,已签收
113862490,已签收
113874218,已签收
113793108,已签收
113837247,已签收
113804352,已签收
113760003,已签收
113792095,已签收
113840591,已签收
113853868,已签收
113802174,已签收
113866605,已签收
113865407,已签收
113866888,已签收
113867292,已签收
113842149,已签收
113842778,已签收
113824866,运输中
113839545,已签收
113837938,已签收
113876324,已签收
113812462,已签收
113870804,已签收
113874318,已签收
113871786,已签收
113872640,已签收
113877224,已签收
113836253,已签收
113874672,已签收
113888233,已签收
113885077,已签收
113871073,已签收
113873162,已签收
113873979,已签收
113886310,已签收
113851104,已签收
113903308,已签收
113855864,已签收
113842463,已签收
113844544,已签收
113854327,已签收
113870381,已签收
113866786,已签收
113846084,已签收
113903030,已签收
113888684,已签收
113859359,已签收
113848879,已签收
113845943,已签收
113843081,已签收
113848314,已签收
113797078,已签收
113754723,已签收
113841110,已签收
113685039,已签收
113848349,已签收
113819409,已签收
113729478,已签收
113849806,已签收
113879169,已签收
113889030,已签收
113865831,已签收
113833532,已签收
113774704,已签收
113821293,已签收
113808411,已签收
113777501,已签收
113858448,已签收
113855629,已签收
113878779,已签收
113889404,已签收
113858506,已签收
113890222,已签收
113891942,已签收
113901502,已签收
113884125,已签收
113893019,已签收
113900865,已签收
113898839,已签收
113861960,已签收
113869295,已签收
113896684,已签收
113879995,已签收
113870101,已签收
113885326,已签收
113877198,已签收
113889784,已签收
113877559,已签收
113886446,已签收
113874857,已签收
113893954,已签收
113890939,已签收
113887101,已签收
113892391,已签收
113885972,已签收
113894956,已签收
113875450,已签收
113899856,已签收
113891357,已签收
113890683,已签收
113878092,已签收
113870850,已签收
113883758,已签收
113774208,已签收
113883482,已签收
113814282,已签收
113879292,已签收
113863909,已签收
113896334,已签收
113557124,已签收
113573193,已签收
113684325,已签收
113712392,已签收
113734109,已签收
113749021,已签收
113602071,已签收
113874488,已签收
113727891,已签收
113742505,已签收
113732232,已签收
113737320,已签收
113725820,已签收
113734672,已签收
113717010,已签收
113672238,已签收
113673216,已签收
113660686,已签收
113642473,已签收
113662186,已签收
113682528,已签收
113720487,已签收
113717871,已签收
113724897,已签收
113739915,已签收
113592893,已签收
113652222,已签收
113597049,已签收
113557208,已签收
113599139,已签收
113613806,已签收
113603882,已签收
113612913,已签收
113649955,已签收
113656172,已签收
113589418,已签收
113595089,已签收
113584578,已签收
113582652,已签收
113598354,已签收
113585057,已签收
113600092,已签收
113580860,已签收
113582121,已签收
113587764,已签收
113583246,已签收
113579045,已签收
113574436,已签收
113576890,已签收
113574023,已签收
113577258,已签收
113571519,已签收
113543971,已签收
113580443,已签收
113861205,已签收
113873970,已签收
113868343,已签收
113795152,已签收
113859522,已签收
113856909,已签收
113873251,已签收
113873494,已签收
113855430,已签收
113851661,已签收
113846322,已签收
113849657,已签收
113846026,已签收
113843713,已签收
113836239,已签收
113844570,已签收
113844925,已签收
113834919,已签收
113813195,已签收
113776412,已签收
113773046,已签收
113722615,已签收
113842340,已签收
113835920,已签收
113833803,已签收
113828807,已签收
113820810,已签收
113818718,运输中
113817231,已签收
113816675,已签收
113810458,已签收
113823549,已签收
113823098,已签收
113817576,已签收
113817355,已签收
113816404,已签收
113815549,已签收
113811347,已签收
113811821,已签收
113810796,已签收
113800255,已签收
113799117,已签收
113798815,已签收
113792971,已签收
113798302,已签收
113785889,已签收
113808658,已签收
113801545,已签收
113805715,已签收
113787289,已签收
113793227,已签收
113796831,已签收
113795782,已签收
113795455,已签收
113788682,已签收
113787692,已签收
113776151,已签收
113778016,已签收
113780836,已签收
113775523,已签收
113781922,已签收
113778712,已签收
113762185,已签收
113759525,已签收
113773308,已签收
113774277,已签收
113784674,已签收
113799715,已签收
113779015,已签收
113786146,已签收
113781493,已签收
113805151,已签收
113791884,已签收
113805824,已签收
113800041,已签收
113797672,已签收
113806505,已签收
113786092,已签收
113794037,已签收
113791046,已签收
113777740,已签收
113792489,已签收
113795975,已签收
113783893,已签收
113774051,已签收
113778250,已签收
113659019,已签收
113656728,已签收
113667257,已签收
113678113,已签收
113662062,运输中
113791534,已签收
113761643,已签收
113763388,已签收
113780509,已签收
113776193,已签收
113713770,已签收
113716009,已签收
113772085,已签收
113748325,已签收
113763903,已签收
113779357,已签收
113785262,已签收
113776998,已签收
113752217,已签收
113738953,已签收
113736670,已签收
113679691,已签收
113855007,已签收
113853140,已签收
113820701,已签收
113849338,已签收
113845131,已签收
113848060,已签收
113867660,已签收
113860832,已签收
113866886,已签收
113848845,已签收
113856935,已签收
113715109,已签收
113857373,已签收
113860561,已签收
113852039,已签收
113857936,已签收
113875209,已签收
113860293,已签收
113845306,已签收
113862959,已签收
113840407,已签收
113862308,已签收
113822005,已签收
113828663,已签收
113838300,已签收
113806928,已签收
113774740,已签收
113808059,已签收
113793786,已签收
113746466,已签收
113822204,已签收
113847532,已签收
113837981,已签收
113815105,已签收
113796348,已签收
113809742,已签收
113816932,已签收
113799392,已签收
113820347,已签收
113852829,已签收
113836660,已签收
113827218,已签收
113812857,运输中
113808154,已签收
113823822,已签收
113813670,已签收
113835232,已签收
113802499,已签收
113826682,已签收
113840182,已签收
113819131,已签收
113826142,已签收
113826283,已签收
113824060,已签收
113775338,已签收
113869930,已签收
113844101,已签收
113839522,已签收
113854716,已签收
113807904,已签收
113809886,已签收
113756278,已签收
113876533,已签收
113866363,已签收
113801119,已签收
113813893,已签收
113813093,已签收
113789157,已签收
113822312,已签收
113803635,已签收
113810589,已签收
113854151,已签收
113778256,已签收
113656968,已签收
113785224,已签收
113758853,已签收
113794867,已签收
113812205,已签收
113792320,已签收
113723745,已签收
113753474,已签收
113657570,已签收
113730083,已签收
113715748,已签收
113623121,已签收
113619201,已签收
113653302,已签收
113682205,已签收
113586279,已签收
113481757,已签收
113492404,已签收
113478169,已签收
3-112901983,已签收
3-112985108,已签收
113505360,已签收
113466962,已签收
113451163,已签收
113466010,已签收
113474980,已签收
113566047,已签收
113474346,已签收
113496809,已签收
113485801,已签收
113508904,已签收
113477702,已签收
113498159,已签收
113465081,已签收
113468991,已签收
113470788,已签收
113629769,已签收
113607661,已签收
113568562,已签收
113584624,已签收
113713611,已签收
113638915,已签收
113547961,已签收
113542881,已签收
113542487,已签收
113500550,已签收
113497130,运输过久
113488447,已签收
113505657,已签收
113460766,已签收
113456066,未查到
113490000,已签收
113480621,已签收
113504994,已签收
113484567,已签收
113573492,已签收
113740809,已签收
113572638,已签收
113574853,已签收
113484473,已签收
113484265,已签收
113484103,已签收
113480461,已签收
113753693,已签收
113480389,已签收
113583534,已签收
113650352,已签收
113697454,已签收
113630211,已签收
113657894,已签收
113620476,已签收
113664511,已签收
113726460,运输中
113562559,已签收
113516928,已签收
113677028,已签收
113561682,已签收
113665288,已签收
113607203,已签收
113731161,已签收
113626563,已签收
113634219,已签收
113626212,已签收
113732556,已签收
113635354,已签收
113586420,已签收
113645044,已签收
113631762,已签收
113497316,已签收
113670218,已签收
113705655,已签收
113661767,已签收
113482312,已签收
113504638,已签收
113611455,已签收
113674257,已签收
113562092,已签收
113672816,已签收
113676216,已签收
113563634,已签收
113609852,已签收
113635029,已签收
113564394,已签收
113481131,已签收
113489595,已签收
113619066,已签收
113709620,已签收
113613490,已签收
113488068,已签收
113712191,已签收
113660814,已签收
113487568,已签收
113477004,已签收
113608732,已签收
113594225,已签收
113487348,已签收
113481215,已签收
113561080,已签收
113574450,已签收
113508439,已签收
113478750,已签收
113477676,已签收
113539350,已签收
113481210,已签收
113459088,已签收
113538014,已签收
113492568,已签收
113509069,已签收
113470138,已签收
113477335,已签收
113464307,已签收
113504518,已签收
113461782,已签收
113512698,已签收
113486919,已签收
113460951,已签收
113467953,已签收
113471263,已签收
113469201,已签收
113509028,已签收
113501151,已签收
113453391,已签收
113480571,已签收
113444684,已签收
113466830,已签收
113460150,已签收
113464792,已签收
113504843,已签收
113494103,已签收
113477209,已签收
113468720,已签收
113500912,已签收
113498625,已签收
113446344,已签收
113450466,已签收
113458215,已签收
113447228,已签收
113477157,已签收
113465590,已签收
113500225,已签收
113451402,已签收
113488796,已签收
113496405,已签收
113403843,已签收
113462100,已签收
113541037,已签收
113448093,已签收
113454005,已签收
113486356,已签收
113447633,运输中
113539518,已签收
113466243,已签收
113486348,已签收
113497172,已签收
113472484,已签收
113484185,已签收
113487114,已签收
113492698,已签收
113488647,已签收
113460824,已签收
113488341,已签收
113465816,已签收
113467170,已签收
113459962,已签收
113451986,已签收
113485854,运输中
113470405,已签收
113475300,已签收
113469851,已签收
113473535,已签收
113452500,已签收
113456888,已签收
113540604,已签收
113651275,已签收
113554940,已签收
113560295,已签收
113581918,已签收
113590786,已签收
113565391,已签收
113616219,已签收
113563107,已签收
113560954,已签收
113686913,已签收
113639152,已签收
113750060,已签收
113743169,已签收
113670759,已签收
113733011,已签收
113592581,已签收
113565645,已签收
113575802,已签收
113576911,已签收
113588052,已签收
113570929,已签收
113529187,已签收
113581025,已签收
113578434,已签收
113626018,已签收
113528519,已签收
113636277,已签收
113593556,已签收
113667632,已签收
113625431,已签收
113607324,已签收
113634307,已签收
113612661,已签收
113613857,已签收
113612431,已签收
113626655,已签收
113660487,已签收
113632867,已签收
113643709,已签收
113650787,已签收
113645423,已签收
113641990,已签收
113646513,已签收
113669334,已签收
113673997,已签收
113652678,已签收
113719674,已签收
113705610,已签收
113660725,已签收
113717972,已签收
113689107,已签收
113755696,已签收
113695385,已签收
113681776,已签收
113680187,已签收
113675472,已签收
113683868,已签收
113757725,已签收
113729953,已签收
113733772,已签收
113684762,已签收
113566321,已签收
113569467,已签收
113589136,已签收
113584721,已签收
113585272,已签收
113610931,已签收
113584565,已签收
113630169,已签收
113633147,已签收
113638147,已签收
113599314,已签收
113655850,已签收
113639536,已签收
113737437,已签收
113636628,已签收
113643385,已签收
113749832,已签收
113641263,已签收
113673695,已签收
113735197,已签收
113635718,已签收
113571650,已签收
113651610,已签收
113593371,已签收
113637743,已签收
113711440,已签收
113728472,已签收
113579741,已签收
113579957,已签收
113580258,已签收
113466156,已签收
113576096,已签收
113567201,已签收
113567888,已签收
113580624,已签收
113572255,已签收
113578795,已签收
113580923,已签收
113583690,已签收
113419141,已签收
113595812,已签收
113576493,已签收
113589563,已签收
113585647,已签收
113599934,已签收
113601009,已签收
113582376,已签收
113610021,运输过久
113683617,已签收
113686575,已签收
113363569,已签收
113614654,已签收
113631882,已签收
113623202,已签收
113613093,已签收
113680615,已签收
113664665,已签收
113674249,已签收
113627357,已签收
113630786,已签收
113587625,已签收
113628133,已签收
113641782,已签收
113687599,已签收
113675813,已签收
113688770,已签收
113629047,已签收
113658657,已签收
113633510,已签收
113687914,已签收
113653873,已签收
113708634,已签收
113648823,已签收
113731239,已签收
113748646,已签收
113707967,已签收
113740383,已签收
113707306,已签收
113713177,已签收
113746995,已签收
113704060,已签收
113758348,已签收
113744229,已签收
113653910,已签收
113654393,已签收
113653616,已签收
113652966,已签收
113662903,已签收
113662368,已签收
113661575,已签收
113658348,已签收
113654637,已签收
113672101,已签收
113649438,已签收
113683241,已签收
113600835,已签收
113684712,已签收
113666172,已签收
113678933,已签收
113512988,已签收
113676248,已签收
113701938,已签收
113663777,已签收
113682222,已签收
113654751,已签收
113657887,已签收
113665586,已签收
113658598,已签收
113671695,已签收
113709439,已签收
113706306,已签收
113685391,已签收
113646272,已签收
113689598,已签收
113652522,已签收
113658875,已签收
113727774,已签收
113710010,已签收
113702988,已签收
113716609,已签收
113574165,已签收
113670557,已签收
113701228,已签收
113723205,已签收
113741759,已签收
113689809,已签收
113744898,已签收
113731892,已签收
113724817,已签收
113627430,已签收
113624266,已签收
113749049,已签收
113637508,已签收
113582722,已签收
113755302,已签收
113632174,已签收
113611879,已签收
113634432,已签收
113745878,已签收
113649739,已签收
113638458,已签收
113648088,已签收
113640034,已签收
113652009,已签收
113650516,已签收
113638698,已签收
113635977,已签收
113642751,已签收
113635303,已签收
113574836,已签收
113575438,已签收
113568972,已签收
113583524,已签收
113572446,已签收
113591993,已签收
113576742,已签收
113588576,已签收
113584977,已签收
113575649,已签收
113583993,已签收
113602067,已签收
113597055,运输中
113614142,已签收
113609385,已签收
113443810,已签收
113597811,已签收
113610539,已签收
113626404,已签收
113596903,已签收
113708818,已签收
113559814,已签收
113561798,已签收
113702193,已签收
113564012,已签收
113705360,已签收
113567742,已签收
113462076,已签收
113580719,已签收
113572916,已签收
113581170,已签收
113566743,已签收
113584415,已签收
113582078,已签收
113579164,已签收
113547742,已签收
113712937,已签收
113583050,已签收
113554152,已签收
113548877,已签收
113583035,已签收
113572114,已签收
113587077,已签收
113570676,已签收
113547196,已签收
113580335,已签收
113563520,已签收
113568356,已签收
113583546,已签收
113583751,已签收
113578273,已签收
113573647,已签收
113577751,已签收
113588588,已签收
113560321,已签收
113576100,已签收
113574849,已签收
113585444,已签收
113574485,已签收
113560159,已签收
113578593,已签收
113584920,已签收
113578542,已签收
113579568,已签收
113583859,已签收
113577306,已签收
113567544,已签收
113562928,已签收
113571237,已签收
113560664,已签收
113581920,已签收
113561128,已签收
113579756,已签收
113565359,已签收
113564627,已签收
113562577,已签收
113582859,已签收
113582033,已签收
113568796,已签收
113568037,已签收
113572657,已签收
113566589,已签收
113573961,已签收
113563859,已签收
113571825,已签收
113563438,已签收
113566963,已签收
113512947,已签收
113569130,已签收
113576110,已签收
113565027,已签收
113571439,已签收
113512916,已签收
113435132,已签收
113518342,已签收
113450588,已签收
113454128,已签收
113517619,已签收
113453731,已签收
113439391,已签收
113453160,已签收
113442830,已签收
113440006,已签收
113427932,已签收
113487466,已签收
113474043,已签收
113453910,已签收
113443581,已签收
113429892,已签收
113469499,已签收
113536887,已签收
113452670,已签收
113550162,已签收
113448451,已签收
113447238,已签收
113468895,已签收
113445837,已签收
113450798,已签收
113448751,已签收
113462297,已签收
113450110,已签收
113530051,已签收
113502323,已签收
113438473,已签收
113517053,已签收
113512715,已签收
113518473,已签收
113454314,已签收
113494774,已签收
113525810,已签收
113500885,已签收
113451498,已签收
113470323,已签收
113432961,已签收
113447611,已签收
113509545,已签收
113539570,已签收
113485319,已签收
113508682,已签收
113507701,运输过久
113513041,已签收
113496890,已签收
113500958,已签收
113530598,已签收
113530940,已签收
113435741,已签收
113513421,已签收
113521419,已签收
113449887,已签收
113456382,已签收
113439574,已签收
113509969,已签收
113524011,已签收
113030437,已签收
113525844,已签收
113523257,已签收
113568388,已签收
113530570,已签收
113558942,已签收
113522338,已签收
113521341,已签收
113556096,已签收
113529094,已签收
113497192,已签收
113539334,已签收
113558254,已签收
113532513,已签收
113521355,已签收
113436507,已签收
113556868,已签收
113539205,已签收
113544561,已签收
113540757,已签收
113540842,已签收
113555539,已签收
113542583,已签收
113544423,已签收
113558067,已签收
113490885,已签收
113460597,已签收
113488599,已签收
113521839,已签收
113504970,已签收
113518274,已签收
113525637,已签收
113522517,已签收
113517227,已签收
113531516,已签收
113256491,已签收
113257722,已签收
113267573,已签收
113261583,已签收
113271688,已签收
113259478,已签收
113256094,已签收
113266247,已签收
113549032,已签收
113272246,已签收
113283238,已签收
113261024,运输过久
113275550,已签收
113290694,已签收
113271133,已签收
113270385,已签收
113284929,已签收
113296087,已签收
113298177,已签收
113263236,已签收
113294354,已签收
113292415,已签收
113268229,已签收
113264578,已签收
113303942,已签收
113300084,已签收
113274175,已签收
113302071,已签收
113288581,已签收
113276017,已签收
113277218,已签收
113308950,已签收
113262589,已签收
113325423,已签收
113369726,已签收
113379688,已签收
113357736,已签收
113348991,已签收
113329028,已签收
113334176,已签收
113371148,已签收
113339901,运输过久
113335788,运输过久
113337964,已签收
113341083,已签收
113367211,已签收
113363932,已签收
113359349,已签收
113345594,已签收
113343723,已签收
113346395,已签收
113372481,运输过久
113347333,已签收
113332732,已签收
113372874,已签收
113351841,有异常
113342398,已签收
113355547,已签收
113373829,已签收
113343163,已签收
113375848,已签收
113396622,已签收
113514637,已签收
113377093,已签收
113382909,已签收
113406540,已签收
113425227,已签收
113478701,已签收
113493362,已签收
113364933,已签收
113471465,已签收
113484699,已签收
113533567,已签收
113479245,已签收
113360816,已签收
113429835,已签收
113447321,已签收
113384553,已签收
113376512,已签收
113337164,已签收
113517685,已签收
113497264,已签收
113440822,已签收
113435455,已签收
113449061,已签收
113517095,已签收
113539236,已签收
113434835,已签收
113513146,已签收
113517352,已签收
113486349,已签收
113469286,已签收
113445862,已签收
113449782,已签收
113460822,已签收
113458503,已签收
113353689,已签收
113537935,已签收
113375398,已签收
113513429,已签收
113477579,已签收
113362077,已签收
113464608,已签收
113488767,已签收
113532809,已签收
113461955,已签收
113417745,已签收
113558812,已签收
113492991,已签收
113542033,已签收
113508906,已签收
113537603,已签收
113384028,已签收
113521754,已签收
113386620,已签收
113551462,已签收
113545598,已签收
113546079,已签收
113533906,已签收
113397859,已签收
113447816,已签收
113358544,已签收
113401640,已签收
113478111,已签收
113489275,已签收
113395360,已签收
113500483,已签收
113445248,已签收
113475403,已签收
113373305,已签收
113462168,已签收
113463451,已签收
113432780,已签收
113433516,已签收
113412823,已签收
113546475,已签收
113550851,已签收
113439792,运输过久
113405013,已签收
113443047,已签收
113485831,已签收
113556682,已签收
113542472,已签收
113540832,已签收
113410778,已签收
113533041,已签收
113458787,已签收
113411749,已签收
113533263,已签收
113459173,已签收
113431614,已签收
113458126,已签收
113481009,已签收
113421631,已签收
113418497,已签收
113547843,已签收
113525446,已签收
113480145,已签收
113474420,已签收
113466206,已签收
113437685,已签收
113438946,已签收
113441767,已签收
113498613,已签收
113549733,已签收
113551660,已签收
113550053,已签收
113548971,已签收
113497553,已签收
113548238,已签收
113484953,已签收
113522728,已签收
113518589,已签收
113557615,已签收
113481142,已签收
113558574,已签收
113559251,已签收
113558854,已签收
113522808,已签收
113512826,已签收
113509675,已签收
113522340,已签收
113509558,运输过久
113521071,已签收
113509019,已签收
113514158,已签收
113504979,已签收
113513592,已签收
113450538,已签收
113350866,已签收
113552750,已签收
113552603,已签收
113552425,已签收
113552158,已签收
113552088,已签收
113551934,已签收
113543499,已签收
113538007,已签收
113532292,已签收
113542065,已签收
113539406,已签收
113535458,已签收
113535202,已签收
113532565,已签收
113531039,已签收
113530817,已签收
113522237,已签收
113551451,已签收
113550899,已签收
113546692,已签收
113545958,已签收
113545419,已签收
113545192,已签收
113544158,已签收
113543660,已签收
113540864,运输过久
113532606,已签收
113530471,已签收
113546840,已签收
113537364,已签收
113535307,已签收
113542413,已签收
113542205,已签收
113549800,已签收
113549531,已签收
113549441,已签收
113549171,已签收
113548566,已签收
113547313,已签收
113547158,已签收
113530963,已签收
113529801,已签收
113529030,已签收
113527266,已签收
113526937,已签收
113526697,已签收
113526629,已签收
113525838,已签收
113525609,已签收
113522958,已签收
113556606,已签收
113553277,已签收
113544771,已签收
113543962,已签收
113543922,运输过久
113526519,已签收
113526109,已签收
113521453,已签收
113520047,已签收
113525279,已签收
113519311,已签收
113523093,已签收
113514322,已签收
113367905,已签收
113521531,已签收
113533013,已签收
113552936,已签收
113538905,已签收
113538222,已签收
113537748,已签收
113537592,已签收
113527395,已签收
113537086,已签收
113535196,已签收
113534868,已签收
113532968,已签收
113530397,已签收
113529985,已签收
113521691,已签收
113525120,已签收
113525340,已签收
113546269,已签收
113524239,已签收
113558153,已签收
113513645,已签收
113556936,已签收
113554986,已签收
113553341,已签收
113558583,已签收
113555106,已签收
113540663,已签收
113513169,已签收
113544928,已签收
113555401,已签收
113555442,已签收
113544126,已签收
113556653,已签收
113550760,已签收
113555989,已签收
113553987,已签收
113544479,已签收
113545711,已签收
113508148,已签收
113557160,已签收
113558950,已签收
113537372,已签收
113549655,已签收
113542287,已签收
113538257,已签收
113545552,已签收
113559250,已签收
113477515,已签收
113544255,已签收
113545751,已签收
113546350,已签收
113512645,已签收
113550925,已签收
113444236,已签收
113548205,已签收
113547490,已签收
113552633,已签收
113540963,已签收
113486908,已签收
113541841,已签收
113493815,已签收
113468396,已签收
113463392,已签收
113485918,已签收
113487631,已签收
113543080,已签收
113470697,已签收
113459020,已签收
113500925,已签收
113455644,已签收
113543765,已签收
113457250,已签收
113450733,已签收
113484787,已签收
113472990,已签收
113480861,已签收
113453308,已签收
113454288,已签收
113481837,已签收
113472810,已签收
113484494,已签收
113470836,运输过久
113509212,已签收
113464668,已签收
113465860,已签收
113471603,已签收
113470348,已签收
113453617,已签收
113468768,已签收
113469249,已签收
113466145,已签收
113487182,已签收
113498690,已签收
113467955,已签收
113474478,已签收
113474728,已签收
113460117,已签收
113459002,已签收
113473547,已签收
113477657,已签收
113509699,已签收
113500112,已签收
113496704,已签收
113474173,已签收
113546481,已签收
113500704,已签收
113473960,已签收
113458328,已签收
113538054,已签收
113451929,已签收
113473326,已签收
113470114,已签收
113466745,已签收
113455879,已签收
113497522,已签收
113452401,已签收
113249817,已签收
113493747,已签收
113489230,已签收
113487686,已签收
113457663,已签收
113498027,已签收
113497925,已签收
113504987,已签收
113489418,已签收
113471740,已签收
113481634,已签收
113537891,已签收
113456311,已签收
113118452,已签收
113037541,已签收
113022094,已签收
113118213,运输过久
113030860,已签收
113028195,已签收
113068824,已签收
112994001,已签收
113023878,已签收
113019039,已签收
112990005,已签收
113032874,已签收
113044546,已签收
112952102,已签收
113009701,已签收
113040074,已签收
112969440,已签收
112994470,已签收
113048012,已签收
112993077,已签收
113099328,已签收
113062452,已签收
113056226,已签收
113044987,已签收
112977009,已签收
113026942,已签收
113013482,已签收
112955533,已签收
113068447,已签收
113023747,已签收
113009488,已签收
113026327,已签收
113071296,已签收
113023849,已签收
113022558,已签收
113029230,已签收
113050032,已签收
113067396,已签收
113018345,已签收
113035771,已签收
113036477,已签收
112993647,已签收
113038258,已签收
113028908,已签收
113022354,已签收
113031442,已签收
113018329,已签收
113059919,已签收
112846932,已签收
112875744,已签收
113016659,已签收
113121722,已签收
113019988,已签收
113121414,已签收
113106467,已签收
112916968,已签收
113097392,已签收
113127117,已签收
112970513,已签收
113034027,已签收
113110226,已签收
113124741,已签收
113033230,已签收
113041449,已签收
112989443,已签收
113005558,已签收
112989200,已签收
112989418,已签收
113070764,已签收
113023102,已签收
113016406,已签收
113014550,已签收
113006846,已签收
113008146,已签收
112989357,运输过久
113126582,已签收
112934660,已签收
113003536,已签收
112995700,已签收
113008196,已签收
113004521,已签收
113008866,已签收
113007344,已签收
113008490,已签收
113121376,已签收
113011105,已签收
112989945,已签收
113082110,已签收
113114405,已签收
113042828,已签收
113057040,已签收
113040084,已签收
113111520,已签收
113072591,已签收
113040825,已签收
113088139,已签收
113088796,已签收
113089013,已签收
112992590,已签收
113047240,已签收
113065352,已签收
113061496,已签收
113063380,已签收
112936282,已签收
112930770,已签收
113089886,已签收
113064066,已签收
113015078,已签收
113031280,已签收
112766919,已签收
112986242,运输过久
112823955,已签收
112749802,已签收
112771709,已签收
113046459,已签收
113001437,已签收
112724053,已签收
113112022,已签收
112653847,已签收
112778675,已签收
112747313,已签收
113046807,已签收
113061919,运输过久
113042243,运输过久
113031297,已签收
113005908,已签收
112993231,已签收
113036137,已签收
112939215,已签收
113043356,已签收
112989854,已签收
112976986,已签收
113034230,已签收
112993984,已签收
113041634,已签收
112999164,已签收
112976052,已签收
112993907,已签收
113034309,已签收
113040450,已签收
112926328,已签收
113037517,已签收
113023733,已签收
113036764,已签收
113001536,已签收
113041840,已签收
113009463,已签收
112998615,已签收
112999356,已签收
113000051,已签收
112998081,已签收
112993779,已签收
113006638,已签收
112976362,已签收
112993331,已签收
113066222,已签收
112962392,已签收
113112719,已签收
112993679,已签收
112993571,已签收
112986560,已签收
112989897,已签收
112987721,已签收
112991631,已签收
112954516,已签收
112948559,已签收
113030436,已签收
113029550,已签收
113094091,已签收
113027145,已签收
113009444,已签收
112936779,已签收
112998142,已签收
113027761,已签收
113030137,已签收
113050269,已签收
113028520,已签收
112967108,已签收
113028605,已签收
113010468,已签收
113013756,已签收
112969783,已签收
113047880,已签收
113006694,已签收
113043282,已签收
113040454,已签收
113029161,已签收
113091724,已签收
113087525,已签收
112998674,已签收
113098863,已签收
113093896,已签收
113041292,已签收
113050313,已签收
113085219,已签收
113088379,已签收
113104389,已签收
112991643,已签收
113087834,已签收
113085665,已签收
112908028,已签收
112912487,已签收
112954484,已签收
113113232,已签收
113115085,已签收
113107942,已签收
112966896,已签收
112955601,已签收
112912831,已签收
113116957,已签收
113034173,已签收
113088321,已签收
112961908,已签收
112967515,已签收
112963098,已签收
112960649,已签收
112959676,已签收
112958958,已签收
113111780,已签收
113088863,已签收
113125484,已签收
112958404,已签收
112954584,已签收
112953099,已签收
113126816,已签收
113122876,已签收
112978139,已签收
112903489,已签收
112981715,已签收
112980555,已签收
112966406,已签收
112977761,已签收
112965926,已签收
112982065,已签收
112965474,已签收
112997607,已签收
112974209,已签收
112979593,已签收
112971486,已签收
113123163,已签收
113110519,已签收
113122236,已签收
113118124,已签收
112961773,已签收
112970844,已签收
113117437,已签收
113028772,已签收
112987694,已签收
113122152,已签收
113009269,已签收
113004104,已签收
113007096,已签收
113066271,已签收
113037975,已签收
113124042,已签收
112943569,已签收
113002289,已签收
113056190,已签收
113117700,已签收
113122458,已签收
113029301,已签收
113060589,已签收
113119285,已签收
113029812,已签收
113021355,已签收
113110215,已签收
113003095,已签收
113122041,已签收
113029393,已签收
113052365,已签收
113123830,已签收
113008273,已签收
113121144,已签收
113052276,已签收
113023022,已签收
113036066,已签收
113018055,已签收
113007549,已签收
113120950,已签收
112932294,已签收
113053180,已签收
112990635,已签收
112991909,已签收
113065577,已签收
112991144,已签收
113022385,已签收
113111454,已签收
113033796,已签收
113028976,已签收
113008617,已签收
113012223,已签收
113055969,已签收
113039063,已签收
113117770,已签收
113055346,已签收
112977053,已签收
113110619,已签收
113126448,已签收
113065097,已签收
113055554,已签收
113034654,已签收
113017272,已签收
113043219,已签收
113011544,运输过久
113123244,已签收
113034178,已签收
113035952,已签收
113008982,已签收
113028284,已签收
113058006,已签收
113118960,已签收
113057476,已签收
113045967,已签收
113007993,已签收
113043686,已签收
113007662,已签收
113010015,已签收
113025250,已签收
113110648,已签收
113052523,已签收
113020827,已签收
113021324,已签收
113021741,已签收
113086307,已签收
113127345,已签收
113018588,已签收
113024739,已签收
113018437,已签收
113020888,已签收
113021081,已签收
113013272,已签收
113020918,已签收
113021494,已签收
113018841,已签收
113019063,已签收
112994341,已签收
112994443,已签收
112989197,已签收
112988316,已签收
113012175,已签收
113012763,已签收
113013969,已签收
112993370,已签收
113014046,已签收
113014737,已签收
113015359,已签收
112972153,已签收
112948448,已签收
112975659,已签收
112991702,已签收
112993189,已签收
112992006,已签收
112994883,已签收
113010261,已签收
113010278,已签收
113010673,已签收
113011916,已签收
113015440,已签收
113015638,已签收
113016575,已签收
113016743,已签收
113018990,已签收
113012974,已签收
113125542,已签收
112969510,已签收
113040605,已签收
113037116,已签收
112969024,已签收
113025137,已签收
113005120,已签收
113061138,已签收
113109781,已签收
113050176,已签收
112987096,已签收
113126887,已签收
113004699,已签收
113059524,已签收
113123110,运输过久
113002616,已签收
113060855,已签收
113032800,已签收
112960310,已签收
113056595,已签收
113027135,已签收
113054441,已签收
113003231,已签收
113065929,已签收
113119033,已签收
113028527,已签收
113064531,已签收
113061806,已签收
113014965,已签收
113045017,已签收
113029626,已签收
113011485,已签收
113025439,已签收
113110485,已签收
113119465,已签收
113125225,已签收
113110892,已签收
113118152,已签收
113012351,已签收
113011774,已签收
113001981,已签收
113021577,已签收
113027440,已签收
113125236,已签收
113010629,已签收
113001046,已签收
113111007,已签收
113016119,已签收
112990942,已签收
113007274,已签收
113065503,已签收
113059151,已签收
113040537,已签收
113069775,已签收
113068395,已签收
113061865,已签收
113062070,已签收
113017660,已签收
113090421,已签收
113029853,已签收
113030139,已签收
113070310,已签收
113069653,已签收
113100102,已签收
113052394,已签收
113063430,已签收
112946775,已签收
113049084,已签收
113034868,已签收
113030793,已签收
112957412,已签收
113034092,已签收
113018753,已签收
113022062,已签收
113044291,已签收
113001256,已签收
113055188,已签收
113058319,已签收
113053387,已签收
112947231,已签收
113069028,已签收
113100401,已签收
113041407,已签收
113019560,已签收
113065996,已签收
113022889,已签收
113027606,已签收
113027070,已签收
113029558,已签收
113045845,已签收
113023154,已签收
112949135,已签收
113001452,已签收
113024121,已签收
113033866,已签收
113039758,已签收
113100054,已签收
113023119,已签收
113025823,已签收
113036596,已签收
113052943,已签收
113024288,已签收
113024837,已签收
113053798,已签收
113001695,已签收
113001869,已签收
113019519,已签收
113049566,已签收
113066200,已签收
113035351,已签收
113055129,已签收
113053565,已签收
113026708,已签收
113023994,已签收
113100667,已签收
113054442,已签收
113041659,已签收
113069483,已签收
112979295,已签收
113099579,已签收
113024368,已签收
113100213,已签收
113001798,已签收
113035363,已签收
113075335,已签收
113031686,已签收
113100538,已签收
113022316,已签收
113025087,已签收
113018541,已签收
113009881,已签收
113018581,已签收
113002516,已签收
113013209,已签收
113019037,已签收
113009373,已签收
113012960,已签收
113024745,已签收
113032236,已签收
112993092,已签收
113018095,已签收
113018696,已签收
113037820,已签收
112943430,已签收
113019723,已签收
113027111,已签收
113020986,已签收
113043703,已签收
113010000,已签收
113026593,已签收
112993425,已签收
113018033,已签收
113010450,已签收
113022620,已签收
112994237,已签收
112990277,已签收
113028386,已签收
112986326,已签收
113056747,已签收
112994170,运输过久
113009739,已签收
113069294,已签收
113070849,已签收
113021325,已签收
113002293,已签收
113020765,已签收
113045271,已签收
113019863,已签收
